5,icon-canyin
6,icon-jingdian
7,icon-zhusu
8,icon-duanxin
9,icon-xinxi
10,icon-xiangqu
11,icon-canting
12,icon-daohang
13,icon-dizhi
14,icon-dianping
15,icon-duoyuyan
16,icon-feiji
17,icon-fuzhi
18,icon-geren
19,icon-gongjiaoche
20,icon-guanbi
21,icon-huoche
22,icon-huobiduihuan
23,icon-jianshen
24,icon-kanguo
25,icon-kongdiao
26,icon-mudedi
27,icon-qian
28,icon-quguo
29,icon-shijian
30,icon-shoucang
31,icon-jiesuo
32,icon-tingchechang
33,icon-wuxianwangluo
34,icon-xiangji
35,icon-xiangqu1
36,icon-xingcheng
37,icon-youji
38,icon-zan
39,icon-listview
40,icon-xiyiji
41,icon-24xiaoshiqiantai
42,icon-tupian
43,icon-gouwu
44,icon-tabshouqi
45,icon-haitan
46,icon-huwai
47,icon-jichengche
48,icon-jincou
49,icon-langman
50,icon-lunchuan
51,icon-qinzi
52,icon-renwen
53,icon-shanchu
54,icon-shezhi
55,icon-shengqian
56,icon-shizhong
57,icon-shouji
58,icon-sousuo
59,icon-tianqi
60,icon-tupian1
61,icon-xitongcaidan
62,icon-xitongfanhui
63,icon-youxian
64,icon-yule
65,icon-zhinengyouhua
66,icon-zhongzhuan
67,icon-ziranfengguang
68,icon-zixingche
69,icon-zonghe
70,icon-fenxiang
71,icon-radiobutton
72,icon-radiobutton2
73,icon-youyongchi
74,icon-pinglun
75,icon-bianji
76,icon-qifei
77,icon-jiangluo
78,icon-xitongfanhui1
79,icon-xitongcaidan1
80,icon-shouqi
81,icon-xiala
82,icon-xiayibu
83,icon-geren2
84,icon-jinzhide
85,icon-quguo2
86,icon-xingcheng2
87,icon-buxing
88,icon-chaping
89,icon-gerenfill
90,icon-haoping
91,icon-jiaobiao
92,icon-lianjie
93,icon-shoucangfill
94,icon-shouyefill
95,icon-shouye
96,icon-tixing
97,icon-xiangqufill
98,icon-zanfill
99,icon-roundadd
100,icon-roundclosefill
101,icon-duogouwu
102,icon-shaogouwu
103,icon-dangdifill
104,icon-dangdi
105,icon-tabshouqi1
106,icon-tabxiala
107,icon-dixiaofei
108,icon-gaoxiaofei
109,icon-jianyuede
110,icon-jingjide
111,icon-shushide
112,icon-gaoduande
113,icon-shehuade
114,icon-jinnang
115,icon-matou
116,icon-suoding
117,icon-wancan
118,icon-wucan
119,icon-zaocan
120,icon-zengjia
121,icon-zhuyi
122,icon-ziyouanpai
123,icon-roundclose
124,icon-radiobutton21
125,icon-bankexing
126,icon-baoxue
127,icon-baoyu
128,icon-duoyun
129,icon-leidian
130,icon-qing
131,icon-xiaoxue
132,icon-xiaoyu
133,icon-yin
134,icon-zenyaowan
135,icon-zhenxue
136,icon-zhenyu
137,icon-zhongxue
138,icon-zhongyu
139,icon-qita
140,icon-fanhui
141,icon-motuo
142,icon-bingbao
143,icon-feng
144,icon-mai
145,icon-wu
146,icon-yuxue
147,icon-shushidu
148,icon-listyule
149,icon-listbashi
150,icon-listfeiji
151,icon-listgouwu
152,icon-listhuoche
153,icon-listjingdian
154,icon-listmatou
155,icon-listzhusu
156,icon-listcanyin
157,icon-yuding
158,icon-listziyouhuodong
159,icon-xuanzejiaobiao
160,icon-safari
161,icon-zans
162,icon-kanguos
163,icon-listzuhe